id,sid,cid,titulo,genero
243,11,97,La primera polaroid,Thriller sicol√≥gico
244,11,96,Casete 1: lado A,Thriller sicol√≥gico
245,11,98,Si: soy la chica nueva,Thriller sicol√≥gico
246,8,89,Carla,Thriller
247,7,86,Hemos vuelto,Thriller
248,11,98,Si: soy la chica nueva,Thriller
249,5,75,Los sobrevivientes,Thriller
250,7,84,Efectuar lo acordado,Thriller
251,11,96,Casete 1: lado A,Thriller
252,22,129,Episode 1,Thriller
253,5,72,Principios y finales,Thriller
254,27,145,The Return,Thriller
255,7,85,Se acabaron las m√°scaras,Thriller
256,8,87,Bienvenidos,Thriller
257,27,144,Pilot,Thriller
258,22,130,Episode 1,Thriller
259,29,150,Estudio en rosa,Thriller
260,11,97,La primera polaroid,Thriller
261,5,74,Deja vu,Thriller
262,29,151,Esc√°ndalo en Belgravia,Thriller
263,29,152,Many Happy Returns,Thriller
264,8,88,20 horas desaparecido,Thriller
265,22,131,Episode 1,Thriller
266,5,70,Secretos,Thriller
267,5,73,Materia oscura,Thriller
268,5,71,Mentiras,Thriller
269,27,146,The Birthday,Thriller
270,31,156,Exposed,Slasher
271,31,157,Psycho,Slasher
272,1,68,Episode 4,Romance
273,2,30,El de los Kips,Romance
274,2,12,El de la leche materna,Romance
275,2,21,El de la medusa,Romance
276,2,23,El de las esposas,Romance
277,1,1,Episode 1,Romance
278,2,26,El de despu√©s de que Ross dijera el nombre de Rachel,Romance
279,1,5,Episode 5,Romance
280,1,4,Episode 4,Romance
281,18,119,El recuerdo de un recuerdo,Romance
282,2,22,El de la gata,Romance
283,2,15,El de la carne para cinco y una berenjena,Romance
284,2,9,El de George Stephanopoulos,Romance
285,2,28,El de los trillizos,Romance
286,2,19,El del t√∫nel metaf√≥rico,Romance
287,28,147,Pilot,Romance
288,2,24,El de los bailes de sal√≥n,Romance
289,2,13,El de cuando muere Heckles,Romance
290,1,2,Episode 2,Romance
291,2,17,El de cuando nadie est√° listo,Romance
292,1,65,Episode 1,Romance
293,2,20,El de Frank Jr.,Romance
294,2,11,El de la nueva novia de Ross,Romance
295,1,69,Episode 5,Romance
296,18,118,Lleg√≥ de la Noche√≥sfera,Romance
297,1,67,Episode 3,Romance
298,2,29,El que Phoebe odia la PBS,Romance
299,2,10,El del detergente de lavander√≠a germano-oriental,Romance
300,2,14,El esposo de Phoebe,Romance
301,2,6,En el que todo empieza,Romance
302,28,148,Verano: una especie de maravilla,Romance
303,2,8,El del pulgar,Romance
304,1,66,Episode 2,Romance
305,2,27,El de los besos,Romance
306,28,149,Los contratiempos de la Fortuna,Romance
307,2,18,El de la mermelada,Romance
308,2,7,El de la ecograf√≠a final,Romance
309,1,3,Episode 3,Romance
310,18,117,Panico en la fiesta del palacio,Romance
311,2,16,El de la fantas√≠a de la Princesa Leia,Romance
312,2,25,El de la nueva novia de Joey,Romance
313,19,122,Los siete magn√≠ficos,Misterio
314,8,89,Carla,Misterio
315,27,145,The Return,Misterio
316,8,87,Bienvenidos,Misterio
317,13,103,Cap√≠tulo 14: Un beso antes de morir,Misterio
318,13,102,Cap√≠tulo 1: Corrientes traicioneras,Misterio
319,19,120,Wendigo,Misterio
320,27,144,Pilot,Misterio
321,19,121,En mi tiempo de morir,Misterio
322,13,104,Cap√≠tulo 36: D√≠a del Trabajo,Misterio
323,11,97,La primera polaroid,Misterio
324,11,98,Si: soy la chica nueva,Misterio
325,8,88,20 horas desaparecido,Misterio
326,11,96,Casete 1: lado A,Misterio
327,27,146,The Birthday,Misterio
328,31,157,Psycho,Horror
329,19,120,Wendigo,Horror
330,19,122,Los siete magn√≠ficos,Horror
331,19,121,En mi tiempo de morir,Horror
332,31,156,Exposed,Horror
333,9,91,Misadventure,Hist√≥rico
334,22,129,Episode 1,Hist√≥rico
335,22,131,Episode 1,Hist√≥rico
336,9,90,Wolferton Splash,Hist√≥rico
337,9,92,Olding,Hist√≥rico
338,22,130,Episode 1,Hist√≥rico
339,24,137,Se√±al de humo,Fantas√≠a oscura
340,24,135,A ti: 2.000 a√±os en el futuro,Fantas√≠a oscura
341,24,136,El tit√°n bestia,Fantas√≠a oscura
342,3,37,El maestro del juego,Fantas√≠a
343,3,33,Juventud con dio,Fantas√≠a
344,3,47,¬°Josuke Higashikata! Conoce a Angelo,Fantas√≠a
345,3,39,Jojo vs. la forma de vida definitiva,Fantas√≠a
346,14,105,Partida x Y x Compa√±eros,Fantas√≠a
347,3,31,Dio: el invasor,Fantas√≠a
348,25,140,Interludio,Fantas√≠a
349,3,45,Silver Chariot,Fantas√≠a
350,3,40,Los guerreros definitivos de tiempos antiguos,Fantas√≠a
351,3,49,Los Hermanos Nijimura (Parte 2),Fantas√≠a
352,3,46,¬°Jotaro Kujo! Conoce a Josuke Higashikata,Fantas√≠a
353,3,41,un hombre pose√≠do por un esp√≠ritu maligno,Fantas√≠a
354,3,34,Overdrive,Fantas√≠a
355,14,106,Un x Guardi√°n x Peligroso,Fantas√≠a
356,3,35,Los caballeros oscuros,Fantas√≠a
357,25,139,Los que acechan bajo tierra,Fantas√≠a
358,3,36,El jojo de nueva york,Fantas√≠a
359,3,44,Tower of gray,Fantas√≠a
360,3,42,¬°¬øqui√©n ser√° el juez?!,Fantas√≠a
361,25,138,El alquimista de acero,Fantas√≠a
362,3,32,Una carta del pasado,Fantas√≠a
363,3,48,Los Hermanos Nijimura (Parte 1),Fantas√≠a
364,14,107,Respuesta de papa,Fantas√≠a
365,3,50,Los Hermanos Nijimura (Parte 3),Fantas√≠a
366,3,38,El hombre del pilar,Fantas√≠a
367,3,43,La maldici√≥n de dio,Fantas√≠a
368,6,79,Relox,Familiar
369,6,76,El comienzo,Familiar
370,26,142,El estado avatar,Familiar
371,18,117,Panico en la fiesta del palacio,Familiar
372,18,119,El recuerdo de un recuerdo,Familiar
373,6,77,El arbol furioso,Familiar
374,6,83,Cirug√≠a,Familiar
375,18,118,Lleg√≥ de la Noche√≥sfera,Familiar
376,6,81,La maquina del tiempo,Familiar
377,6,78,Vacaciones,Familiar
378,26,143,El despertar,Familiar
379,26,141,El ni√±o en el iceberg,Familiar
380,6,80,Por el sr. manguera,Familiar
381,6,82,La mona lisa,Familiar
382,1,2,Episode 2,Drama
383,5,73,Materia oscura,Drama
384,5,75,Los sobrevivientes,Drama
385,28,147,Pilot,Drama
386,27,146,The Birthday,Drama
387,4,56,Viento,Drama
388,1,68,Episode 4,Drama
389,4,61,La pupila de la serpiente,Drama
390,19,121,En mi tiempo de morir,Drama
391,20,124,Las aventuras de Supergirl,Drama
392,11,96,Casete 1: lado A,Drama
393,28,149,Los contratiempos de la Fortuna,Drama
394,10,93,Midoriya Izuku: Origen,Drama
395,9,92,Olding,Drama
396,5,72,Principios y finales,Drama
397,22,129,Episode 1,Drama
398,4,53,El nuevo objetivo,Drama
399,15,109,Empapada,Drama
400,28,148,Verano: una especie de maravilla,Drama
401,24,137,Se√±al de humo,Drama
402,19,122,Los siete magn√≠ficos,Drama
403,4,60,Un asunto shinobi,Drama
404,16,111,Piloto,Drama
405,30,153,Rose,Drama
406,11,97,La primera polaroid,Drama
407,30,155,Smith y Jones,Drama
408,22,131,Episode 1,Drama
409,17,115,Gotas de lluvia sobre mi cabeza,Drama
410,4,57,La amenaza que se acerca en silencio,Drama
411,27,144,Pilot,Drama
412,1,5,Episode 5,Drama
413,9,91,Misadventure,Drama
414,17,114,La noche de un d√≠a dif√≠cil,Drama
415,7,86,Hemos vuelto,Drama
416,10,95,Empieza el juego,Drama
417,1,65,Episode 1,Drama
418,15,110,Los mejores planes,Drama
419,4,59,El precio del poder,Drama
420,27,145,The Return,Drama
421,16,113,Sentido,Drama
422,20,125,La mujer de acero,Drama
423,4,58,La invasi√≥n de Akatsuki,Drama
424,10,94,Libreta de h√©roes,Drama
425,17,116,Lleg√≥ el momento,Drama
426,16,112,Aceptaci√≥n,Drama
427,13,102,Cap√≠tulo 1: Corrientes traicioneras,Drama
428,8,88,20 horas desaparecido,Drama
429,5,71,Mentiras,Drama
430,4,63,El viajero,Drama
431,4,54,¬°Formaci√≥n: el nuevo equipo Kakashi!,Drama
432,5,70,Secretos,Drama
433,15,108,Ant√°rtida,Drama
434,1,66,Episode 2,Drama
435,5,74,Deja vu,Drama
436,11,98,Si: soy la chica nueva,Drama
437,13,103,Cap√≠tulo 14: Un beso antes de morir,Drama
438,19,120,Wendigo,Drama
439,1,3,Episode 3,Drama
440,24,135,A ti: 2.000 a√±os en el futuro,Drama
441,8,89,Carla,Drama
442,4,55,Pesadilla,Drama
443,4,51,El regreso a casa,Drama
444,27,145,The Return,Drama
445,7,85,Se acabaron las m√°scaras,Drama
446,13,104,Cap√≠tulo 36: D√≠a del Trabajo,Drama
447,27,146,The Birthday,Drama
448,7,84,Efectuar lo acordado,Drama
449,9,90,Wolferton Splash,Drama
450,1,69,Episode 5,Drama
451,20,123,M√°s fuertes juntos,Drama
452,4,64,El sucesor de la t√©cnica prohibida,Drama
453,30,154,Nueva tierra,Drama
454,22,130,Episode 1,Drama
455,1,1,Episode 1,Drama
456,4,52,El Akatsuki comienza a moverse,Drama
457,8,87,Bienvenidos,Drama
458,27,144,Pilot,Drama
459,4,62,Ojo de halc√≥n,Drama
460,24,136,El tit√°n bestia,Drama
461,1,67,Episode 3,Drama
462,1,4,Episode 4,Drama
463,12,99,El fin y el comienzo,Deporte
464,12,101,Saludos,Deporte
465,12,100,¬°Vamos a Tokyo!,Deporte
466,13,103,Cap√≠tulo 14: Un beso antes de morir,Crimen
467,22,130,Episode 1,Crimen
468,29,152,Many Happy Returns,Crimen
469,13,104,Cap√≠tulo 36: D√≠a del Trabajo,Crimen
470,13,102,Cap√≠tulo 1: Corrientes traicioneras,Crimen
471,7,86,Hemos vuelto,Crimen
472,22,129,Episode 1,Crimen
473,7,84,Efectuar lo acordado,Crimen
474,29,150,Estudio en rosa,Crimen
475,29,151,Esc√°ndalo en Belgravia,Crimen
476,22,131,Episode 1,Crimen
477,7,85,Se acabaron las m√°scaras,Crimen
478,2,8,El del pulgar,Comedia
479,2,12,El de la leche materna,Comedia
480,19,122,Los siete magn√≠ficos,Comedia
481,20,124,Las aventuras de Supergirl,Comedia
482,17,114,La noche de un d√≠a dif√≠cil,Comedia
483,12,101,Saludos,Comedia
484,6,77,El arbol furioso,Comedia
485,2,9,El de George Stephanopoulos,Comedia
486,6,76,El comienzo,Comedia
487,4,53,El nuevo objetivo,Comedia
488,1,5,Episode 5,Comedia
489,2,20,El de Frank Jr.,Comedia
490,17,116,Lleg√≥ el momento,Comedia
491,1,66,Episode 2,Comedia
492,17,115,Gotas de lluvia sobre mi cabeza,Comedia
493,1,65,Episode 1,Comedia
494,21,126,Simpsons Roasting on an Open Fire,Comedia
495,15,109,Empapada,Comedia
496,16,111,Piloto,Comedia
497,26,143,El despertar,Comedia
498,4,58,La invasi√≥n de Akatsuki,Comedia
499,2,18,El de la mermelada,Comedia
500,6,79,Relox,Comedia
501,2,21,El de la medusa,Comedia
502,4,55,Pesadilla,Comedia
503,26,142,El estado avatar,Comedia
504,4,56,Viento,Comedia
505,2,7,El de la ecograf√≠a final,Comedia
506,24,136,El tit√°n bestia,Comedia
507,20,125,La mujer de acero,Comedia
508,2,14,El esposo de Phoebe,Comedia
509,2,6,En el que todo empieza,Comedia
510,14,106,Un x Guardi√°n x Peligroso,Comedia
511,2,26,El de despu√©s de que Ross dijera el nombre de Rachel,Comedia
512,4,60,Un asunto shinobi,Comedia
513,1,3,Episode 3,Comedia
514,1,67,Episode 3,Comedia
515,2,23,El de las esposas,Comedia
516,20,123,M√°s fuertes juntos,Comedia
517,2,27,El de los besos,Comedia
518,16,112,Aceptaci√≥n,Comedia
519,24,135,A ti: 2.000 a√±os en el futuro,Comedia
520,4,54,¬°Formaci√≥n: el nuevo equipo Kakashi!,Comedia
521,12,99,El fin y el comienzo,Comedia
522,4,61,La pupila de la serpiente,Comedia
523,2,29,El que Phoebe odia la PBS,Comedia
524,12,100,¬°Vamos a Tokyo!,Comedia
525,6,83,Cirug√≠a,Comedia
526,2,15,El de la carne para cinco y una berenjena,Comedia
527,24,137,Se√±al de humo,Comedia
528,1,1,Episode 1,Comedia
529,2,24,El de los bailes de sal√≥n,Comedia
530,2,13,El de cuando muere Heckles,Comedia
531,4,59,El precio del poder,Comedia
532,6,82,La mona lisa,Comedia
533,4,62,Ojo de halc√≥n,Comedia
534,2,22,El de la gata,Comedia
535,26,141,El ni√±o en el iceberg,Comedia
536,19,120,Wendigo,Comedia
537,2,30,El de los Kips,Comedia
538,2,11,El de la nueva novia de Ross,Comedia
539,14,107,Respuesta de papa,Comedia
540,21,127,"Bart Gets an ""F""",Comedia
541,2,16,El de la fantas√≠a de la Princesa Leia,Comedia
542,4,64,El sucesor de la t√©cnica prohibida,Comedia
543,15,108,Ant√°rtida,Comedia
544,6,80,Por el sr. manguera,Comedia
545,1,69,Episode 5,Comedia
546,2,28,El de los trillizos,Comedia
547,14,105,Partida x Y x Compa√±eros,Comedia
548,4,51,El regreso a casa,Comedia
549,16,113,Sentido,Comedia
550,19,121,En mi tiempo de morir,Comedia
551,2,25,El de la nueva novia de Joey,Comedia
552,2,19,El del t√∫nel metaf√≥rico,Comedia
553,21,128,Stark Raving Dad,Comedia
554,6,81,La maquina del tiempo,Comedia
555,1,68,Episode 4,Comedia
556,4,63,El viajero,Comedia
557,4,57,La amenaza que se acerca en silencio,Comedia
558,1,4,Episode 4,Comedia
559,6,78,Vacaciones,Comedia
560,2,17,El de cuando nadie est√° listo,Comedia
561,15,110,Los mejores planes,Comedia
562,4,52,El Akatsuki comienza a moverse,Comedia
563,1,2,Episode 2,Comedia
564,2,10,El del detergente de lavander√≠a germano-oriental,Comedia
565,24,136,El tit√°n bestia,Ciencia ficci√≥n apocal√≠ptica
566,24,137,Se√±al de humo,Ciencia ficci√≥n apocal√≠ptica
567,24,135,A ti: 2.000 a√±os en el futuro,Ciencia ficci√≥n apocal√≠ptica
568,20,124,Las aventuras de Supergirl,Ciencia ficci√≥n
569,5,73,Materia oscura,Ciencia ficci√≥n
570,30,155,Smith y Jones,Ciencia ficci√≥n
571,20,125,La mujer de acero,Ciencia ficci√≥n
572,5,71,Mentiras,Ciencia ficci√≥n
573,10,94,Libreta de h√©roes,Ciencia ficci√≥n
574,5,72,Principios y finales,Ciencia ficci√≥n
575,25,140,Interludio,Ciencia ficci√≥n
576,24,136,El tit√°n bestia,Ciencia ficci√≥n
577,5,75,Los sobrevivientes,Ciencia ficci√≥n
578,25,139,Los que acechan bajo tierra,Ciencia ficci√≥n
579,10,95,Empieza el juego,Ciencia ficci√≥n
580,5,70,Secretos,Ciencia ficci√≥n
581,24,137,Se√±al de humo,Ciencia ficci√≥n
582,10,93,Midoriya Izuku: Origen,Ciencia ficci√≥n
583,20,123,M√°s fuertes juntos,Ciencia ficci√≥n
584,25,138,El alquimista de acero,Ciencia ficci√≥n
585,30,154,Nueva tierra,Ciencia ficci√≥n
586,30,153,Rose,Ciencia ficci√≥n
587,5,74,Deja vu,Ciencia ficci√≥n
588,24,135,A ti: 2.000 a√±os en el futuro,Ciencia ficci√≥n
589,4,63,El viajero,Aventura
590,25,139,Los que acechan bajo tierra,Aventura
591,3,48,Los Hermanos Nijimura (Parte 1),Aventura
592,3,37,El maestro del juego,Aventura
593,26,141,El ni√±o en el iceberg,Aventura
594,30,154,Nueva tierra,Aventura
595,3,32,Una carta del pasado,Aventura
596,20,123,M√°s fuertes juntos,Aventura
597,4,64,El sucesor de la t√©cnica prohibida,Aventura
598,19,121,En mi tiempo de morir,Aventura
599,3,39,Jojo vs. la forma de vida definitiva,Aventura
600,4,52,El Akatsuki comienza a moverse,Aventura
601,3,50,Los Hermanos Nijimura (Parte 3),Aventura
602,29,152,Many Happy Returns,Aventura
603,3,34,Overdrive,Aventura
604,26,142,El estado avatar,Aventura
605,4,56,Viento,Aventura
606,19,120,Wendigo,Aventura
607,4,57,La amenaza que se acerca en silencio,Aventura
608,3,35,Los caballeros oscuros,Aventura
609,30,155,Smith y Jones,Aventura
610,3,33,Juventud con dio,Aventura
611,18,118,Lleg√≥ de la Noche√≥sfera,Aventura
612,4,54,¬°Formaci√≥n: el nuevo equipo Kakashi!,Aventura
613,4,59,El precio del poder,Aventura
614,20,125,La mujer de acero,Aventura
615,3,44,Tower of gray,Aventura
616,4,60,Un asunto shinobi,Aventura
617,19,122,Los siete magn√≠ficos,Aventura
618,3,49,Los Hermanos Nijimura (Parte 2),Aventura
619,3,42,¬°¬øqui√©n ser√° el juez?!,Aventura
620,25,140,Interludio,Aventura
621,4,62,Ojo de halc√≥n,Aventura
622,3,41,un hombre pose√≠do por un esp√≠ritu maligno,Aventura
623,3,46,¬°Jotaro Kujo! Conoce a Josuke Higashikata,Aventura
624,18,117,Panico en la fiesta del palacio,Aventura
625,3,47,¬°Josuke Higashikata! Conoce a Angelo,Aventura
626,25,138,El alquimista de acero,Aventura
627,29,150,Estudio en rosa,Aventura
628,3,36,El jojo de nueva york,Aventura
629,4,53,El nuevo objetivo,Aventura
630,3,45,Silver Chariot,Aventura
631,4,55,Pesadilla,Aventura
632,18,119,El recuerdo de un recuerdo,Aventura
633,4,51,El regreso a casa,Aventura
634,30,153,Rose,Aventura
635,4,61,La pupila de la serpiente,Aventura
636,3,38,El hombre del pilar,Aventura
637,3,31,Dio: el invasor,Aventura
638,3,40,Los guerreros definitivos de tiempos antiguos,Aventura
639,4,58,La invasi√≥n de Akatsuki,Aventura
640,3,43,La maldici√≥n de dio,Aventura
641,26,143,El despertar,Aventura
642,29,151,Esc√°ndalo en Belgravia,Aventura
643,20,124,Las aventuras de Supergirl,Aventura
644,4,55,Pesadilla,Acci√≥n
645,3,38,El hombre del pilar,Acci√≥n
646,4,61,La pupila de la serpiente,Acci√≥n
647,4,59,El precio del poder,Acci√≥n
648,14,105,Partida x Y x Compa√±eros,Acci√≥n
649,10,95,Empieza el juego,Acci√≥n
650,4,57,La amenaza que se acerca en silencio,Acci√≥n
651,4,58,La invasi√≥n de Akatsuki,Acci√≥n
652,4,60,Un asunto shinobi,Acci√≥n
653,3,42,¬°¬øqui√©n ser√° el juez?!,Acci√≥n
654,3,39,Jojo vs. la forma de vida definitiva,Acci√≥n
655,3,43,La maldici√≥n de dio,Acci√≥n
656,3,45,Silver Chariot,Acci√≥n
657,19,120,Wendigo,Acci√≥n
658,20,123,M√°s fuertes juntos,Acci√≥n
659,10,94,Libreta de h√©roes,Acci√≥n
660,14,106,Un x Guardi√°n x Peligroso,Acci√≥n
661,3,36,El jojo de nueva york,Acci√≥n
662,3,46,¬°Jotaro Kujo! Conoce a Josuke Higashikata,Acci√≥n
663,3,50,Los Hermanos Nijimura (Parte 3),Acci√≥n
664,19,122,Los siete magn√≠ficos,Acci√≥n
665,4,54,¬°Formaci√≥n: el nuevo equipo Kakashi!,Acci√≥n
666,3,41,un hombre pose√≠do por un esp√≠ritu maligno,Acci√≥n
667,4,62,Ojo de halc√≥n,Acci√≥n
668,4,64,El sucesor de la t√©cnica prohibida,Acci√≥n
669,3,34,Overdrive,Acci√≥n
670,24,136,El tit√°n bestia,Acci√≥n
671,3,33,Juventud con dio,Acci√≥n
672,19,121,En mi tiempo de morir,Acci√≥n
673,3,48,Los Hermanos Nijimura (Parte 1),Acci√≥n
674,3,44,Tower of gray,Acci√≥n
675,3,47,¬°Josuke Higashikata! Conoce a Angelo,Acci√≥n
676,4,51,El regreso a casa,Acci√≥n
677,3,32,Una carta del pasado,Acci√≥n
678,3,37,El maestro del juego,Acci√≥n
679,24,137,Se√±al de humo,Acci√≥n
680,24,135,A ti: 2.000 a√±os en el futuro,Acci√≥n
681,20,125,La mujer de acero,Acci√≥n
682,4,53,El nuevo objetivo,Acci√≥n
683,3,35,Los caballeros oscuros,Acci√≥n
684,14,107,Respuesta de papa,Acci√≥n
685,4,63,El viajero,Acci√≥n
686,3,49,Los Hermanos Nijimura (Parte 2),Acci√≥n
687,3,40,Los guerreros definitivos de tiempos antiguos,Acci√≥n
688,20,124,Las aventuras de Supergirl,Acci√≥n
689,10,93,Midoriya Izuku: Origen,Acci√≥n
690,4,52,El Akatsuki comienza a moverse,Acci√≥n
691,3,31,Dio: el invasor,Acci√≥n
692,4,56,Viento,Acci√≥n
693,23,132,Pilot,Acci√≥n
694,23,134,The Rickshank Rickdemption,Acci√≥n
695,23,133,A Rickle in Time,Acci√≥n
